combo	sub	file	status	expected	got	ms
raw+localize+rxing	autofocus	05102009191.jpg	MISS	8002330112752		381.7
raw+localize+rxing	autofocus	05102009195.jpg	MISS	8002330112752		644.0
raw+localize+rxing	autofocus	05102009215.jpg	MISS	8002330051617		186.8
raw+localize+rxing	autofocus	05102009216.jpg	MISS	8002330051617		174.2
raw+localize+rxing	autofocus	PICT00gfhh38.JPG	MISS	4009300505341		1100.7
raw+localize+rxing	autofocus	PICT00sdf27.JPG	MISS	8411135441019		691.3
raw+localize+rxing	autofocus	PICawdT0024.JPG	MISS	3434730707835		712.9
raw+localize+rxing	no_autofocus	Foto(312).jpg	MISS	8011642115887		132.8
raw+localize+rxing	no_autofocus	Foto(406).jpg	MISS	8011642115887		151.7
raw+localize+rxing	no_autofocus	Foto(427).jpg	MISS	8002330002534		189.1
raw+localize+rxing	no_autofocus	Foto(477).jpg	MISS	8011642115887		198.6
raw+localize+rxing	no_autofocus	Foto(479).jpg	MISS	8011642111896		170.4
raw+localize+rxing	no_autofocus	Foto(480).jpg	MISS	8011642111896		181.7
raw+localize+rxing	no_autofocus	Foto(482).jpg	MISS	8011642115962		129.3
raw+localize+rxing	no_autofocus	Foto(483).jpg	MISS	8011642115962		140.6
raw+localize+rxing	no_autofocus	Foto(484).jpg	MISS	8011642115962		152.8
raw+localize+rxing	no_autofocus	Foto(487).jpg	MISS	4902030187590		181.8
raw+localize+rxing	no_autofocus	Foto(489).jpg	MISS	4902030187590		161.8
raw+localize+rxing	no_autofocus	Foto(495).jpg	MISS	4902030187590		148.7
raw+localize+rxing	no_autofocus	Foto(496).jpg	MISS	4902030187590		123.0
raw+localize+rxing	no_autofocus	Foto(501).jpg	MISS	8002330097875		154.5
raw+localize+rxing	no_autofocus	Foto(502).jpg	MISS	8002330097875		150.0
raw+localize+rxing	no_autofocus	Foto(503).jpg	MISS	8002330097875		157.7
raw+localize+rxing	no_autofocus	Foto(504).jpg	MISS	8002330097875		156.0
raw+localize+rxing	no_autofocus	Foto(505).jpg	MISS	8002330097875		158.7
raw+localize+rxing	no_autofocus	Foto(506).jpg	MISS	8002330097875		150.4
raw+localize+rxing	no_autofocus	Foto(507).jpg	MISS	8023222032262		173.1
raw+localize+rxing	no_autofocus	Foto(515).jpg	MISS	5030930017491		170.5
raw+localize+rxing	no_autofocus	Foto(516).jpg	MISS	5030930017491		151.5
raw+localize+rxing	no_autofocus	Foto(518).jpg	MISS	5030930017491		158.1
raw+localize+rxing	no_autofocus	Foto(533).jpg	MISS	8000990120193		135.7
raw+localize+rxing	no_autofocus	Foto(534).jpg	MISS	3228881002631		124.3
raw+localize+rxing	no_autofocus	Foto(535).jpg	MISS	3228881002631		129.0
raw+localize+rxing	no_autofocus	Foto(536).jpg	MISS	3228881002631		125.4
raw+localize+rxing	no_autofocus	Foto(537).jpg	MISS	3228881002631		129.3
raw+localize+rxing	no_autofocus	Foto(539).jpg	MISS	8004150100070		131.0
raw+localize+rxing	no_autofocus	Foto(542).jpg	MISS	8002205319804		173.7
raw+localize+rxing	no_autofocus	Foto(543).jpg	WRONG	8002205319804	12800674	379.0
raw+localize+rxing	no_autofocus	Foto(550).jpg	WRONG	8002330098063	8902330028063	961.8
raw+localize+rxing	no_autofocus	Foto(552).jpg	MISS	8002330098063		162.2
raw+localize+rxing	no_autofocus	Foto(555).jpg	MISS	5050083170188		153.7
raw+localize+rxing	no_autofocus	Foto(556).jpg	MISS	5050083170188		147.6
raw+localize+rxing	no_autofocus	Foto(558).jpg	MISS	8005200010325		124.1
raw+localize+rxing	no_autofocus	Foto(567).jpg	MISS	3600540477323		163.6
raw+localize+rxing	no_autofocus	Foto(568).jpg	MISS	3600540477323		161.2
raw+localize+rxing	no_autofocus	Foto(675).jpg	MISS	4902030187590		171.1
raw+localize+rxing	no_autofocus	Foto(676).jpg	MISS	4902030187590		180.4
raw+localize+rxing	no_autofocus	Foto(677).jpg	MISS	4902030187590		182.8
raw+localize+rxing	no_autofocus	Foto(678).jpg	MISS	4902030187590		192.0
raw+localize+rxing	no_autofocus	Foto(683).jpg	MISS	8011642115962		210.4
raw+localize+rxing	no_autofocus	Foto(695).jpg	MISS	4902030195397		225.1
raw+localize+rxing	no_autofocus	Foto(696).jpg	MISS	4902030195397		208.4
raw+localize+rxing	no_autofocus	Foto(697).jpg	MISS	4902030195397		229.2
raw+localize+rxing	no_autofocus	Foto(698).jpg	MISS	4902030195397		219.1
raw+localize+rxing	no_autofocus	Foto(707).jpg	MISS	8002330024451		252.1
raw+localize+rxing	no_autofocus	Foto(714).jpg	MISS	8001410088710		174.9
raw+localize+rxing	no_autofocus	Foto(715).jpg	MISS	8002330051617		178.6
raw+localize+rxing	no_autofocus	Foto(716).jpg	MISS	8002330051617		164.7
raw+localize+rxing	no_autofocus	Foto(717).jpg	MISS	8002330051617		152.5
raw+localize+rxing	no_autofocus	Foto(718).jpg	MISS	8002330051617		152.6
raw+localize+rxing	no_autofocus	Foto(719).jpg	MISS	8002330051617		132.9
raw+localize+rxing	no_autofocus	Foto(720).jpg	MISS	8002330051617		158.9
raw+localize+rxing	no_autofocus	Foto(721).jpg	MISS	4902030187590		152.2
raw+localize+rxing	no_autofocus	Foto(722).jpg	MISS	4902030187590		160.0
raw+localize+rxing	no_autofocus	Foto(723).jpg	MISS	4902030187590		151.9
raw+localize+rxing	no_autofocus	Foto(724).jpg	MISS	4902030187590		146.8
raw+localize+rxing	no_autofocus	Foto(725).jpg	MISS	8023222032262		175.6
raw+localize+rxing	no_autofocus	Foto(737).jpg	MISS	8011642115887		114.9
raw+localize+rxing	no_autofocus	Foto(738).jpg	MISS	8011642115887		113.9
raw+localize+rxing	no_autofocus	Foto(749).jpg	MISS	4902520242204		157.6
raw+localize+rxing	no_autofocus	Foto(750).jpg	MISS	4902520242204		135.8
raw+localize+rxing	no_autofocus	Foto(751).jpg	MISS	4902520242204		135.8
raw+localize+rxing	no_autofocus	Foto(752).jpg	MISS	4902520242204		135.0
raw+localize+rxing	no_autofocus	Foto(753).jpg	MISS	4902520242204		144.5
raw+localize+rxing	no_autofocus	Foto(754).jpg	MISS	4902520242204		143.0
raw+localize+rxing	no_autofocus	Foto(755).jpg	MISS	4902520242204		146.0
raw+localize+rxing	no_autofocus	Foto(756).jpg	MISS	4902520242204		146.2
raw+localize+rxing	no_autofocus	Foto(757).jpg	MISS	4902520242204		148.8
raw+localize+rxing	no_autofocus	Foto(758).jpg	MISS	4902520242204		145.1
raw+localize+rxing	no_autofocus	Foto(759).jpg	MISS	4902520242204		139.3
raw+localize+rxing	no_autofocus	Foto(760).jpg	MISS	0051122414831		150.7
raw+localize+rxing	no_autofocus	Foto(761).jpg	MISS	0051122414831		147.1
raw+localize+rxing	no_autofocus	Foto(762).jpg	MISS	0051122414831		166.2
raw+localize+rxing	no_autofocus	Foto(763).jpg	MISS	0051122414831		153.2
raw+localize+rxing	no_autofocus	Foto(764).jpg	MISS	0051122414831		160.8
raw+localize+rxing	no_autofocus	Foto(765).jpg	MISS	0051122414831		173.4
raw+localize+rxing	no_autofocus	Foto(766).jpg	MISS	0051122414831		165.8
raw+localize+rxing	no_autofocus	Foto(767).jpg	MISS	0051122414831		146.1
raw+localize+rxing	no_autofocus	Foto(768).jpg	MISS	0051122414831		135.5
raw+localize+rxing	no_autofocus	Foto(769).jpg	MISS	0051122414831		158.0
raw+localize+rxing	no_autofocus	Foto(770).jpg	MISS	0051122414831		160.7
raw+localize+rxing	no_autofocus	Foto(771).jpg	MISS	0051122414831		153.7
raw+localize+rxing	no_autofocus	Foto(772).jpg	MISS	0051122414831		157.2
raw+localize+rxing	no_autofocus	Foto(773).jpg	MISS	0051122414831		150.5
raw+localize+rxing	no_autofocus	Foto(774).jpg	MISS	0051122414831		156.2
raw+localize+rxing	no_autofocus	Foto(775).jpg	MISS	0051122414831		149.8
raw+localize+rxing	no_autofocus	Foto(776).jpg	MISS	0051122414831		151.0
raw+localize+rxing	no_autofocus	Foto(778).jpg	MISS	0051122414831		169.2
raw+localize+rxing	no_autofocus	Foto(779).jpg	MISS	0051122414831		176.4
raw+localize+rxing	no_autofocus	Foto(798).jpg	MISS	7321925005431		254.3
raw+localize+rxing	no_autofocus	Foto(799).jpg	MISS	7321925005431		287.8
raw+localize+rxing	no_autofocus	Foto(800).jpg	MISS	7321925005431		268.6
raw+localize+rxing	no_autofocus	Foto(801).jpg	MISS	7321925005431		274.0
raw+localize+rxing	no_autofocus	Foto(802).jpg	MISS	7321925005431		274.9
raw+localize+rxing	no_autofocus	Foto(806).jpg	MISS	7321925005431		279.7
raw+localize+rxing	no_autofocus	Foto(811).jpg	MISS	8011642111896		209.5
raw+localize+rxing	no_autofocus	Foto(812).jpg	MISS	8011642111896		199.9
raw+localize+rxing	no_autofocus	Foto(814).jpg	MISS	8011642111896		210.3
raw+localize+rxing	no_autofocus	Foto(822).jpg	MISS	8011642111896		229.3
raw+localize+rxing	no_autofocus	Foto(823).jpg	MISS	8011642111896		221.8
raw+localize+rxing	no_autofocus	Foto(824).jpg	MISS	8011642111896		208.0
raw+localize+rxing	no_autofocus	Foto(825).jpg	MISS	8011642111896		253.2
raw+localize+rxing	no_autofocus	Foto(827).jpg	MISS	8011642111896		224.2
raw+localize+rxing	no_autofocus	Foto(828).jpg	MISS	8011642111896		248.7
raw+localize+rxing	no_autofocus	Foto(829).jpg	MISS	8011642111896		232.0
raw+localize+rxing	no_autofocus	Foto(830).jpg	WRONG	8011642111896	10519769	942.6
raw+localize+rxing	no_autofocus	Foto(831).jpg	MISS	8011642111896		210.7
raw+localize+rxing	no_autofocus	Foto(835).jpg	MISS	7321925005431		186.5
raw+localize+rxing	no_autofocus	Foto(836).jpg	MISS	7321925005431		205.2
raw+localize+rxing	no_autofocus	Foto(837).jpg	MISS	7321925005431		202.3
raw+localize+rxing	no_autofocus	Foto(839).jpg	MISS	5322825005431		181.5
raw+localize+rxing	no_autofocus	Foto(840).jpg	MISS	7321925005431		196.7
raw+localize+rxing	no_autofocus	Foto(842).jpg	MISS	7321925005431		202.9
raw+localize+rxing	no_autofocus	Foto(843).jpg	MISS	7321925005431		218.7
raw+localize+rxing	no_autofocus	Foto(844).jpg	MISS	7321925005431		213.3
raw+localize+rxing	no_autofocus	Foto(845).jpg	MISS	7321925005431		208.8
raw+localize+rxing	no_autofocus	Foto(846).jpg	MISS	7321925005431		221.1
raw+localize+rxing	no_autofocus	Foto(847).jpg	MISS	7321925005431		234.7
raw+localize+rxing	no_autofocus	Foto(848).jpg	MISS	7321925005431		276.4
raw+localize+rxing	no_autofocus	Foto(849).jpg	MISS	7321925005431		289.9
raw+localize+rxing	no_autofocus	Foto(850).jpg	MISS	7321925005431		290.7
raw+localize+rxing	no_autofocus	Foto(851).jpg	MISS	7321925005431		286.8
raw+localize+rxing	no_autofocus	Foto(852).jpg	MISS	7321925005431		246.1
raw+localize+rxing	no_autofocus	Foto(853).jpg	MISS	7321925005431		271.3
raw+localize+rxing	no_autofocus	Foto(854).jpg	MISS	7321925005431		249.3
raw+localize+rxing	no_autofocus	Foto(858).jpg	MISS	7321925005431		252.7
gray+localize+rxing	autofocus	05102009190.jpg	MISS	8002330112752		430.5
gray+localize+rxing	autofocus	05102009191.jpg	MISS	8002330112752		332.8
gray+localize+rxing	autofocus	05102009195.jpg	MISS	8002330112752		650.8
gray+localize+rxing	autofocus	05102009215.jpg	MISS	8002330051617		105.3
gray+localize+rxing	autofocus	05102009216.jpg	MISS	8002330051617		103.6
gray+localize+rxing	autofocus	PICT00gfhh38.JPG	MISS	4009300505341		791.6
gray+localize+rxing	autofocus	PICT00sdf27.JPG	WRONG	8411135441019	SEC	1341.0
gray+localize+rxing	autofocus	PICawdT0024.JPG	MISS	3434730707835		643.1
gray+localize+rxing	no_autofocus	Foto(312).jpg	MISS	8011642115887		130.6
gray+localize+rxing	no_autofocus	Foto(406).jpg	MISS	8011642115887		148.9
gray+localize+rxing	no_autofocus	Foto(427).jpg	MISS	8002330002534		183.7
gray+localize+rxing	no_autofocus	Foto(477).jpg	MISS	8011642115887		213.6
gray+localize+rxing	no_autofocus	Foto(479).jpg	MISS	8011642111896		185.5
gray+localize+rxing	no_autofocus	Foto(480).jpg	MISS	8011642111896		182.2
gray+localize+rxing	no_autofocus	Foto(482).jpg	MISS	8011642115962		132.1
gray+localize+rxing	no_autofocus	Foto(483).jpg	MISS	8011642115962		141.0
gray+localize+rxing	no_autofocus	Foto(484).jpg	MISS	8011642115962		152.8
gray+localize+rxing	no_autofocus	Foto(487).jpg	MISS	4902030187590		160.8
gray+localize+rxing	no_autofocus	Foto(489).jpg	MISS	4902030187590		158.2
gray+localize+rxing	no_autofocus	Foto(495).jpg	MISS	4902030187590		143.3
gray+localize+rxing	no_autofocus	Foto(496).jpg	MISS	4902030187590		115.4
gray+localize+rxing	no_autofocus	Foto(501).jpg	MISS	8002330097875		148.5
gray+localize+rxing	no_autofocus	Foto(502).jpg	MISS	8002330097875		143.2
gray+localize+rxing	no_autofocus	Foto(503).jpg	MISS	8002330097875		152.5
gray+localize+rxing	no_autofocus	Foto(504).jpg	MISS	8002330097875		154.8
gray+localize+rxing	no_autofocus	Foto(505).jpg	MISS	8002330097875		158.8
gray+localize+rxing	no_autofocus	Foto(506).jpg	MISS	8002330097875		175.8
gray+localize+rxing	no_autofocus	Foto(507).jpg	MISS	8023222032262		212.2
gray+localize+rxing	no_autofocus	Foto(515).jpg	MISS	5030930017491		209.3
gray+localize+rxing	no_autofocus	Foto(516).jpg	MISS	5030930017491		179.0
gray+localize+rxing	no_autofocus	Foto(518).jpg	MISS	5030930017491		195.6
gray+localize+rxing	no_autofocus	Foto(533).jpg	MISS	8000990120193		158.9
gray+localize+rxing	no_autofocus	Foto(534).jpg	MISS	3228881002631		146.2
gray+localize+rxing	no_autofocus	Foto(535).jpg	MISS	3228881002631		155.1
gray+localize+rxing	no_autofocus	Foto(536).jpg	MISS	3228881002631		151.2
gray+localize+rxing	no_autofocus	Foto(537).jpg	MISS	3228881002631		161.4
gray+localize+rxing	no_autofocus	Foto(539).jpg	MISS	8004150100070		159.6
gray+localize+rxing	no_autofocus	Foto(542).jpg	MISS	8002205319804		212.7
gray+localize+rxing	no_autofocus	Foto(543).jpg	WRONG	8002205319804	12800674	505.4
gray+localize+rxing	no_autofocus	Foto(550).jpg	WRONG	8002330098063	8902330028063	1467.0
gray+localize+rxing	no_autofocus	Foto(552).jpg	MISS	8002330098063		241.0
gray+localize+rxing	no_autofocus	Foto(555).jpg	MISS	5050083170188		213.4
gray+localize+rxing	no_autofocus	Foto(556).jpg	MISS	5050083170188		190.7
gray+localize+rxing	no_autofocus	Foto(558).jpg	MISS	8005200010325		159.7
gray+localize+rxing	no_autofocus	Foto(567).jpg	MISS	3600540477323		200.0
gray+localize+rxing	no_autofocus	Foto(568).jpg	MISS	3600540477323		196.1
gray+localize+rxing	no_autofocus	Foto(573).jpg	WRONG	4902030132293	4902016132293	392.1
gray+localize+rxing	no_autofocus	Foto(675).jpg	MISS	4902030187590		191.4
gray+localize+rxing	no_autofocus	Foto(676).jpg	MISS	4902030187590		195.4
gray+localize+rxing	no_autofocus	Foto(677).jpg	MISS	4902030187590		176.3
gray+localize+rxing	no_autofocus	Foto(678).jpg	MISS	4902030187590		186.7
gray+localize+rxing	no_autofocus	Foto(683).jpg	MISS	8011642115962		182.0
gray+localize+rxing	no_autofocus	Foto(695).jpg	MISS	4902030195397		187.6
gray+localize+rxing	no_autofocus	Foto(696).jpg	MISS	4902030195397		169.9
gray+localize+rxing	no_autofocus	Foto(697).jpg	MISS	4902030195397		179.2
gray+localize+rxing	no_autofocus	Foto(698).jpg	MISS	4902030195397		183.8
gray+localize+rxing	no_autofocus	Foto(707).jpg	MISS	8002330024451		203.4
gray+localize+rxing	no_autofocus	Foto(714).jpg	MISS	8001410088710		159.2
gray+localize+rxing	no_autofocus	Foto(715).jpg	MISS	8002330051617		199.2
gray+localize+rxing	no_autofocus	Foto(716).jpg	MISS	8002330051617		204.1
gray+localize+rxing	no_autofocus	Foto(717).jpg	MISS	8002330051617		211.4
gray+localize+rxing	no_autofocus	Foto(718).jpg	MISS	8002330051617		214.4
gray+localize+rxing	no_autofocus	Foto(719).jpg	MISS	8002330051617		185.3
gray+localize+rxing	no_autofocus	Foto(720).jpg	MISS	8002330051617		212.4
gray+localize+rxing	no_autofocus	Foto(721).jpg	MISS	4902030187590		193.8
gray+localize+rxing	no_autofocus	Foto(722).jpg	MISS	4902030187590		203.3
gray+localize+rxing	no_autofocus	Foto(723).jpg	MISS	4902030187590		275.4
gray+localize+rxing	no_autofocus	Foto(724).jpg	MISS	4902030187590		225.1
gray+localize+rxing	no_autofocus	Foto(725).jpg	MISS	8023222032262		291.1
gray+localize+rxing	no_autofocus	Foto(737).jpg	MISS	8011642115887		116.3
gray+localize+rxing	no_autofocus	Foto(738).jpg	MISS	8011642115887		119.9
gray+localize+rxing	no_autofocus	Foto(749).jpg	MISS	4902520242204		147.9
gray+localize+rxing	no_autofocus	Foto(750).jpg	MISS	4902520242204		121.7
gray+localize+rxing	no_autofocus	Foto(751).jpg	MISS	4902520242204		127.0
gray+localize+rxing	no_autofocus	Foto(752).jpg	MISS	4902520242204		127.2
gray+localize+rxing	no_autofocus	Foto(753).jpg	MISS	4902520242204		129.7
gray+localize+rxing	no_autofocus	Foto(754).jpg	MISS	4902520242204		126.7
gray+localize+rxing	no_autofocus	Foto(755).jpg	MISS	4902520242204		135.5
gray+localize+rxing	no_autofocus	Foto(756).jpg	MISS	4902520242204		136.5
gray+localize+rxing	no_autofocus	Foto(757).jpg	MISS	4902520242204		140.6
gray+localize+rxing	no_autofocus	Foto(758).jpg	MISS	4902520242204		140.8
gray+localize+rxing	no_autofocus	Foto(759).jpg	MISS	4902520242204		131.9
gray+localize+rxing	no_autofocus	Foto(760).jpg	MISS	0051122414831		145.5
gray+localize+rxing	no_autofocus	Foto(761).jpg	MISS	0051122414831		144.1
gray+localize+rxing	no_autofocus	Foto(762).jpg	MISS	0051122414831		154.0
gray+localize+rxing	no_autofocus	Foto(763).jpg	MISS	0051122414831		147.4
gray+localize+rxing	no_autofocus	Foto(764).jpg	MISS	0051122414831		151.3
gray+localize+rxing	no_autofocus	Foto(765).jpg	MISS	0051122414831		169.3
gray+localize+rxing	no_autofocus	Foto(766).jpg	MISS	0051122414831		169.0
gray+localize+rxing	no_autofocus	Foto(767).jpg	MISS	0051122414831		154.4
gray+localize+rxing	no_autofocus	Foto(768).jpg	MISS	0051122414831		149.5
gray+localize+rxing	no_autofocus	Foto(769).jpg	MISS	0051122414831		153.2
gray+localize+rxing	no_autofocus	Foto(770).jpg	MISS	0051122414831		155.3
gray+localize+rxing	no_autofocus	Foto(771).jpg	MISS	0051122414831		141.2
gray+localize+rxing	no_autofocus	Foto(772).jpg	MISS	0051122414831		141.6
gray+localize+rxing	no_autofocus	Foto(773).jpg	MISS	0051122414831		143.7
gray+localize+rxing	no_autofocus	Foto(774).jpg	MISS	0051122414831		154.9
gray+localize+rxing	no_autofocus	Foto(775).jpg	MISS	0051122414831		149.5
gray+localize+rxing	no_autofocus	Foto(776).jpg	MISS	0051122414831		155.4
gray+localize+rxing	no_autofocus	Foto(778).jpg	MISS	0051122414831		155.4
gray+localize+rxing	no_autofocus	Foto(779).jpg	MISS	0051122414831		153.5
gray+localize+rxing	no_autofocus	Foto(798).jpg	MISS	7321925005431		201.8
gray+localize+rxing	no_autofocus	Foto(799).jpg	MISS	7321925005431		216.1
gray+localize+rxing	no_autofocus	Foto(800).jpg	MISS	7321925005431		215.5
gray+localize+rxing	no_autofocus	Foto(801).jpg	MISS	7321925005431		223.5
gray+localize+rxing	no_autofocus	Foto(802).jpg	MISS	7321925005431		218.1
gray+localize+rxing	no_autofocus	Foto(806).jpg	MISS	7321925005431		199.8
gray+localize+rxing	no_autofocus	Foto(811).jpg	MISS	8011642111896		158.3
gray+localize+rxing	no_autofocus	Foto(812).jpg	MISS	8011642111896		155.3
gray+localize+rxing	no_autofocus	Foto(814).jpg	MISS	8011642111896		161.4
gray+localize+rxing	no_autofocus	Foto(822).jpg	MISS	8011642111896		198.2
gray+localize+rxing	no_autofocus	Foto(823).jpg	MISS	8011642111896		188.6
gray+localize+rxing	no_autofocus	Foto(824).jpg	MISS	8011642111896		163.3
gray+localize+rxing	no_autofocus	Foto(825).jpg	MISS	8011642111896		197.6
gray+localize+rxing	no_autofocus	Foto(827).jpg	MISS	8011642111896		176.5
gray+localize+rxing	no_autofocus	Foto(828).jpg	MISS	8011642111896		192.6
gray+localize+rxing	no_autofocus	Foto(829).jpg	MISS	8011642111896		190.4
gray+localize+rxing	no_autofocus	Foto(830).jpg	WRONG	8011642111896	10519769	824.2
gray+localize+rxing	no_autofocus	Foto(831).jpg	MISS	8011642111896		189.3
gray+localize+rxing	no_autofocus	Foto(835).jpg	MISS	7321925005431		171.5
gray+localize+rxing	no_autofocus	Foto(836).jpg	MISS	7321925005431		187.9
gray+localize+rxing	no_autofocus	Foto(837).jpg	MISS	7321925005431		187.0
gray+localize+rxing	no_autofocus	Foto(839).jpg	MISS	5322825005431		167.3
gray+localize+rxing	no_autofocus	Foto(840).jpg	MISS	7321925005431		181.6
gray+localize+rxing	no_autofocus	Foto(842).jpg	MISS	7321925005431		176.4
gray+localize+rxing	no_autofocus	Foto(843).jpg	MISS	7321925005431		205.7
gray+localize+rxing	no_autofocus	Foto(844).jpg	MISS	7321925005431		214.1
gray+localize+rxing	no_autofocus	Foto(845).jpg	MISS	7321925005431		183.5
gray+localize+rxing	no_autofocus	Foto(846).jpg	MISS	7321925005431		185.1
gray+localize+rxing	no_autofocus	Foto(847).jpg	MISS	7321925005431		188.0
gray+localize+rxing	no_autofocus	Foto(848).jpg	MISS	7321925005431		197.9
gray+localize+rxing	no_autofocus	Foto(849).jpg	MISS	7321925005431		212.8
gray+localize+rxing	no_autofocus	Foto(850).jpg	MISS	7321925005431		197.0
gray+localize+rxing	no_autofocus	Foto(851).jpg	MISS	7321925005431		189.2
gray+localize+rxing	no_autofocus	Foto(852).jpg	MISS	7321925005431		176.4
gray+localize+rxing	no_autofocus	Foto(853).jpg	MISS	7321925005431		192.7
gray+localize+rxing	no_autofocus	Foto(854).jpg	MISS	7321925005431		187.1
gray+localize+rxing	no_autofocus	Foto(858).jpg	MISS	7321925005431		183.2
gray+localize_otsu+rxing	autofocus	05102009187.jpg	MISS	8002330112752		424.1
gray+localize_otsu+rxing	autofocus	05102009191.jpg	MISS	8002330112752		401.5
gray+localize_otsu+rxing	autofocus	05102009195.jpg	MISS	8002330112752		540.8
gray+localize_otsu+rxing	autofocus	05102009215.jpg	MISS	8002330051617		98.1
gray+localize_otsu+rxing	autofocus	05102009216.jpg	MISS	8002330051617		104.6
gray+localize_otsu+rxing	autofocus	PICT00gfhh38.JPG	MISS	4009300505341		927.5
gray+localize_otsu+rxing	autofocus	PICT00sdf27.JPG	WRONG	8411135441019	SEC	2202.4
gray+localize_otsu+rxing	no_autofocus	Foto(312).jpg	MISS	8011642115887		195.1
gray+localize_otsu+rxing	no_autofocus	Foto(406).jpg	MISS	8011642115887		219.3
gray+localize_otsu+rxing	no_autofocus	Foto(427).jpg	MISS	8002330002534		257.4
gray+localize_otsu+rxing	no_autofocus	Foto(477).jpg	MISS	8011642115887		271.2
gray+localize_otsu+rxing	no_autofocus	Foto(479).jpg	MISS	8011642111896		238.9
gray+localize_otsu+rxing	no_autofocus	Foto(480).jpg	MISS	8011642111896		250.4
gray+localize_otsu+rxing	no_autofocus	Foto(482).jpg	MISS	8011642115962		184.7
gray+localize_otsu+rxing	no_autofocus	Foto(483).jpg	MISS	8011642115962		185.4
gray+localize_otsu+rxing	no_autofocus	Foto(484).jpg	MISS	8011642115962		204.7
gray+localize_otsu+rxing	no_autofocus	Foto(487).jpg	MISS	4902030187590		210.6
gray+localize_otsu+rxing	no_autofocus	Foto(489).jpg	MISS	4902030187590		223.7
gray+localize_otsu+rxing	no_autofocus	Foto(495).jpg	MISS	4902030187590		214.1
gray+localize_otsu+rxing	no_autofocus	Foto(496).jpg	MISS	4902030187590		173.7
gray+localize_otsu+rxing	no_autofocus	Foto(501).jpg	MISS	8002330097875		201.6
gray+localize_otsu+rxing	no_autofocus	Foto(502).jpg	MISS	8002330097875		180.8
gray+localize_otsu+rxing	no_autofocus	Foto(503).jpg	MISS	8002330097875		186.8
gray+localize_otsu+rxing	no_autofocus	Foto(504).jpg	MISS	8002330097875		198.3
gray+localize_otsu+rxing	no_autofocus	Foto(505).jpg	MISS	8002330097875		194.0
gray+localize_otsu+rxing	no_autofocus	Foto(506).jpg	MISS	8002330097875		196.5
gray+localize_otsu+rxing	no_autofocus	Foto(508).jpg	WRONG	8023222032262	93090322	510.7
gray+localize_otsu+rxing	no_autofocus	Foto(510).jpg	MISS	8023222032262		230.7
gray+localize_otsu+rxing	no_autofocus	Foto(512).jpg	WRONG	8023222032262	23000322|023992032262	260.3
gray+localize_otsu+rxing	no_autofocus	Foto(515).jpg	MISS	5030930017491		236.1
gray+localize_otsu+rxing	no_autofocus	Foto(516).jpg	MISS	5030930017491		199.7
gray+localize_otsu+rxing	no_autofocus	Foto(518).jpg	MISS	5030930017491		209.7
gray+localize_otsu+rxing	no_autofocus	Foto(519).jpg	MISS	5030930017491		206.0
gray+localize_otsu+rxing	no_autofocus	Foto(533).jpg	WRONG	8000990120193	14755095	159.3
gray+localize_otsu+rxing	no_autofocus	Foto(534).jpg	MISS	3228881002631		159.8
gray+localize_otsu+rxing	no_autofocus	Foto(535).jpg	MISS	3228881002631		169.0
gray+localize_otsu+rxing	no_autofocus	Foto(536).jpg	MISS	3228881002631		154.3
gray+localize_otsu+rxing	no_autofocus	Foto(537).jpg	MISS	3228881002631		161.2
gray+localize_otsu+rxing	no_autofocus	Foto(539).jpg	MISS	8004150100070		162.9
gray+localize_otsu+rxing	no_autofocus	Foto(542).jpg	MISS	8002205319804		226.1
gray+localize_otsu+rxing	no_autofocus	Foto(552).jpg	MISS	8002330098063		205.3
gray+localize_otsu+rxing	no_autofocus	Foto(555).jpg	MISS	5050083170188		174.1
gray+localize_otsu+rxing	no_autofocus	Foto(556).jpg	MISS	5050083170188		162.6
gray+localize_otsu+rxing	no_autofocus	Foto(558).jpg	MISS	8005200010325		143.3
gray+localize_otsu+rxing	no_autofocus	Foto(563).jpg	MISS	5012254112595		181.9
gray+localize_otsu+rxing	no_autofocus	Foto(567).jpg	MISS	3600540477323		168.2
gray+localize_otsu+rxing	no_autofocus	Foto(568).jpg	MISS	3600540477323		170.5
gray+localize_otsu+rxing	no_autofocus	Foto(573).jpg	MISS	4902030132293		253.5
gray+localize_otsu+rxing	no_autofocus	Foto(574).jpg	MISS	4902030132293		239.3
gray+localize_otsu+rxing	no_autofocus	Foto(675).jpg	MISS	4902030187590		198.5
gray+localize_otsu+rxing	no_autofocus	Foto(676).jpg	MISS	4902030187590		213.6
gray+localize_otsu+rxing	no_autofocus	Foto(677).jpg	MISS	4902030187590		197.6
gray+localize_otsu+rxing	no_autofocus	Foto(678).jpg	MISS	4902030187590		202.0
gray+localize_otsu+rxing	no_autofocus	Foto(683).jpg	MISS	8011642115962		116.3
gray+localize_otsu+rxing	no_autofocus	Foto(689).jpg	MISS	8011642115887		115.1
gray+localize_otsu+rxing	no_autofocus	Foto(690).jpg	MISS	8011642115887		115.1
gray+localize_otsu+rxing	no_autofocus	Foto(693).jpg	MISS	8011642115887		118.4
gray+localize_otsu+rxing	no_autofocus	Foto(694).jpg	MISS	8011642115887		124.6
gray+localize_otsu+rxing	no_autofocus	Foto(695).jpg	MISS	4902030195397		136.5
gray+localize_otsu+rxing	no_autofocus	Foto(696).jpg	MISS	4902030195397		114.6
gray+localize_otsu+rxing	no_autofocus	Foto(697).jpg	MISS	4902030195397		121.7
gray+localize_otsu+rxing	no_autofocus	Foto(698).jpg	MISS	4902030195397		116.1
gray+localize_otsu+rxing	no_autofocus	Foto(707).jpg	MISS	8002330024451		123.0
gray+localize_otsu+rxing	no_autofocus	Foto(708).jpg	MISS	8002330024451		120.7
gray+localize_otsu+rxing	no_autofocus	Foto(710).jpg	WRONG	8002330024451	06995553	289.1
gray+localize_otsu+rxing	no_autofocus	Foto(713).jpg	MISS	8002330024451		116.2
gray+localize_otsu+rxing	no_autofocus	Foto(714).jpg	MISS	8001410088710		109.7
gray+localize_otsu+rxing	no_autofocus	Foto(715).jpg	MISS	8002330051617		133.8
gray+localize_otsu+rxing	no_autofocus	Foto(716).jpg	MISS	8002330051617		135.7
gray+localize_otsu+rxing	no_autofocus	Foto(717).jpg	MISS	8002330051617		141.3
gray+localize_otsu+rxing	no_autofocus	Foto(718).jpg	MISS	8002330051617		147.7
gray+localize_otsu+rxing	no_autofocus	Foto(719).jpg	MISS	8002330051617		129.0
gray+localize_otsu+rxing	no_autofocus	Foto(720).jpg	MISS	8002330051617		150.7
gray+localize_otsu+rxing	no_autofocus	Foto(721).jpg	MISS	4902030187590		139.5
gray+localize_otsu+rxing	no_autofocus	Foto(722).jpg	MISS	4902030187590		143.7
gray+localize_otsu+rxing	no_autofocus	Foto(723).jpg	MISS	4902030187590		134.2
gray+localize_otsu+rxing	no_autofocus	Foto(725).jpg	MISS	8023222032262		159.0
gray+localize_otsu+rxing	no_autofocus	Foto(726).jpg	WRONG	8023222032262	03990322|93090322|93920322	465.9
gray+localize_otsu+rxing	no_autofocus	Foto(727).jpg	MISS	8023222032262		146.3
gray+localize_otsu+rxing	no_autofocus	Foto(728).jpg	WRONG	8023222032262	93090322	417.0
gray+localize_otsu+rxing	no_autofocus	Foto(729).jpg	MISS	8023222032262		164.1
gray+localize_otsu+rxing	no_autofocus	Foto(730).jpg	MISS	8023222032262		161.2
gray+localize_otsu+rxing	no_autofocus	Foto(731).jpg	WRONG	8023222032262	93090322|03990322	388.8
gray+localize_otsu+rxing	no_autofocus	Foto(736).jpg	MISS	8011642115887		125.3
gray+localize_otsu+rxing	no_autofocus	Foto(737).jpg	MISS	8011642115887		132.7
gray+localize_otsu+rxing	no_autofocus	Foto(738).jpg	MISS	8011642115887		131.8
gray+localize_otsu+rxing	no_autofocus	Foto(739).jpg	MISS	8011642115887		135.3
gray+localize_otsu+rxing	no_autofocus	Foto(740).jpg	MISS	8011642115887		140.7
gray+localize_otsu+rxing	no_autofocus	Foto(741).jpg	MISS	8011642115887		148.4
gray+localize_otsu+rxing	no_autofocus	Foto(742).jpg	MISS	8011642115887		146.4
gray+localize_otsu+rxing	no_autofocus	Foto(744).jpg	MISS	8011642115887		162.8
gray+localize_otsu+rxing	no_autofocus	Foto(745).jpg	MISS	8011642115887		163.4
gray+localize_otsu+rxing	no_autofocus	Foto(746).jpg	MISS	8011642115887		165.3
gray+localize_otsu+rxing	no_autofocus	Foto(747).jpg	MISS	8011642115887		175.9
gray+localize_otsu+rxing	no_autofocus	Foto(749).jpg	MISS	4902520242204		220.8
gray+localize_otsu+rxing	no_autofocus	Foto(750).jpg	MISS	4902520242204		183.3
gray+localize_otsu+rxing	no_autofocus	Foto(751).jpg	MISS	4902520242204		191.1
gray+localize_otsu+rxing	no_autofocus	Foto(752).jpg	MISS	4902520242204		194.2
gray+localize_otsu+rxing	no_autofocus	Foto(753).jpg	MISS	4902520242204		208.0
gray+localize_otsu+rxing	no_autofocus	Foto(754).jpg	MISS	4902520242204		194.4
gray+localize_otsu+rxing	no_autofocus	Foto(755).jpg	MISS	4902520242204		204.9
gray+localize_otsu+rxing	no_autofocus	Foto(756).jpg	MISS	4902520242204		199.7
gray+localize_otsu+rxing	no_autofocus	Foto(757).jpg	MISS	4902520242204		206.7
gray+localize_otsu+rxing	no_autofocus	Foto(758).jpg	MISS	4902520242204		195.6
gray+localize_otsu+rxing	no_autofocus	Foto(759).jpg	MISS	4902520242204		194.8
gray+localize_otsu+rxing	no_autofocus	Foto(760).jpg	MISS	0051122414831		195.7
gray+localize_otsu+rxing	no_autofocus	Foto(761).jpg	MISS	0051122414831		199.6
gray+localize_otsu+rxing	no_autofocus	Foto(762).jpg	MISS	0051122414831		207.3
gray+localize_otsu+rxing	no_autofocus	Foto(763).jpg	MISS	0051122414831		193.4
gray+localize_otsu+rxing	no_autofocus	Foto(764).jpg	MISS	0051122414831		210.8
gray+localize_otsu+rxing	no_autofocus	Foto(765).jpg	MISS	0051122414831		214.8
gray+localize_otsu+rxing	no_autofocus	Foto(766).jpg	MISS	0051122414831		212.7
gray+localize_otsu+rxing	no_autofocus	Foto(767).jpg	MISS	0051122414831		197.6
gray+localize_otsu+rxing	no_autofocus	Foto(768).jpg	MISS	0051122414831		185.8
gray+localize_otsu+rxing	no_autofocus	Foto(769).jpg	MISS	0051122414831		202.7
gray+localize_otsu+rxing	no_autofocus	Foto(770).jpg	MISS	0051122414831		194.8
gray+localize_otsu+rxing	no_autofocus	Foto(771).jpg	MISS	0051122414831		202.9
gray+localize_otsu+rxing	no_autofocus	Foto(772).jpg	MISS	0051122414831		202.5
gray+localize_otsu+rxing	no_autofocus	Foto(773).jpg	MISS	0051122414831		202.4
gray+localize_otsu+rxing	no_autofocus	Foto(774).jpg	MISS	0051122414831		205.2
gray+localize_otsu+rxing	no_autofocus	Foto(775).jpg	MISS	0051122414831		200.1
gray+localize_otsu+rxing	no_autofocus	Foto(776).jpg	MISS	0051122414831		203.5
gray+localize_otsu+rxing	no_autofocus	Foto(777).jpg	MISS	0051122414831		172.7
gray+localize_otsu+rxing	no_autofocus	Foto(778).jpg	MISS	0051122414831		197.4
gray+localize_otsu+rxing	no_autofocus	Foto(779).jpg	MISS	0051122414831		191.0
gray+localize_otsu+rxing	no_autofocus	Foto(798).jpg	MISS	7321925005431		177.8
gray+localize_otsu+rxing	no_autofocus	Foto(799).jpg	MISS	7321925005431		194.3
gray+localize_otsu+rxing	no_autofocus	Foto(800).jpg	MISS	7321925005431		193.8
gray+localize_otsu+rxing	no_autofocus	Foto(801).jpg	MISS	7321925005431		201.1
gray+localize_otsu+rxing	no_autofocus	Foto(802).jpg	MISS	7321925005431		204.0
gray+localize_otsu+rxing	no_autofocus	Foto(803).jpg	MISS	7321925005431		177.3
gray+localize_otsu+rxing	no_autofocus	Foto(804).jpg	MISS	7321925005431		189.8
gray+localize_otsu+rxing	no_autofocus	Foto(806).jpg	MISS	7321925005431		195.1
gray+localize_otsu+rxing	no_autofocus	Foto(811).jpg	MISS	8011642111896		178.1
gray+localize_otsu+rxing	no_autofocus	Foto(812).jpg	MISS	8011642111896		176.6
gray+localize_otsu+rxing	no_autofocus	Foto(822).jpg	MISS	8011642111896		181.2
gray+localize_otsu+rxing	no_autofocus	Foto(823).jpg	MISS	8011642111896		188.4
gray+localize_otsu+rxing	no_autofocus	Foto(824).jpg	MISS	8011642111896		160.9
gray+localize_otsu+rxing	no_autofocus	Foto(825).jpg	MISS	8011642111896		203.2
gray+localize_otsu+rxing	no_autofocus	Foto(827).jpg	MISS	8011642111896		184.1
gray+localize_otsu+rxing	no_autofocus	Foto(828).jpg	MISS	8011642111896		179.0
gray+localize_otsu+rxing	no_autofocus	Foto(829).jpg	MISS	8011642111896		191.0
gray+localize_otsu+rxing	no_autofocus	Foto(830).jpg	WRONG	8011642111896	10519769	819.0
gray+localize_otsu+rxing	no_autofocus	Foto(835).jpg	MISS	7321925005431		158.1
gray+localize_otsu+rxing	no_autofocus	Foto(836).jpg	MISS	7321925005431		183.4
gray+localize_otsu+rxing	no_autofocus	Foto(837).jpg	MISS	7321925005431		179.1
gray+localize_otsu+rxing	no_autofocus	Foto(839).jpg	MISS	5322825005431		165.2
gray+localize_otsu+rxing	no_autofocus	Foto(840).jpg	MISS	7321925005431		171.8
gray+localize_otsu+rxing	no_autofocus	Foto(842).jpg	MISS	7321925005431		157.9
gray+localize_otsu+rxing	no_autofocus	Foto(843).jpg	MISS	7321925005431		179.2
gray+localize_otsu+rxing	no_autofocus	Foto(844).jpg	MISS	7321925005431		174.5
gray+localize_otsu+rxing	no_autofocus	Foto(845).jpg	MISS	7321925005431		153.8
gray+localize_otsu+rxing	no_autofocus	Foto(846).jpg	MISS	7321925005431		163.7
gray+localize_otsu+rxing	no_autofocus	Foto(847).jpg	MISS	7321925005431		174.3
gray+localize_otsu+rxing	no_autofocus	Foto(848).jpg	MISS	7321925005431		184.4
gray+localize_otsu+rxing	no_autofocus	Foto(849).jpg	MISS	7321925005431		191.3
gray+localize_otsu+rxing	no_autofocus	Foto(850).jpg	MISS	7321925005431		183.0
gray+localize_otsu+rxing	no_autofocus	Foto(851).jpg	MISS	7321925005431		169.1
gray+localize_otsu+rxing	no_autofocus	Foto(852).jpg	MISS	7321925005431		162.9
gray+localize_otsu+rxing	no_autofocus	Foto(853).jpg	MISS	7321925005431		183.8
gray+localize_otsu+rxing	no_autofocus	Foto(854).jpg	MISS	7321925005431		179.6
gray+localize_otsu+rxing	no_autofocus	Foto(858).jpg	MISS	7321925005431		168.4